name,email,signup_date
Maya Rossi,maya.rossi0_10@mail.co,2026-04-12
Grace Garcia,grace.garcia0_47@webhost.net,2026-07-01
Liam Andersen,liam.andersen0_45@example.com,2026-03-05
Kira Nguyen,kira.nguyen0_25@mail.co,2026-11-02
Chen Patel,chen.patel0_14@corp.io,2026-01-28
Alice Diallo,alice.diallo0_95@corp.io,2026-08-10
Grace Andersen,grace.andersen0_6@mail.co,2026-12-23
Hiro Nguyen,hiro.nguyen0_52@example.com,2026-01-28
Liam Muller,liam.muller0_12@corp.io,2026-08-11
Noor Garcia,noor.garcia0_91@example.com,2026-07-24
Liam Silva,liam.silva0_69@example.com,2026-07-05
Noor Smith,noor.smith0_58@corp.io,2026-11-09
Diego Silva,diego.silva0_82@example.com,2026-11-11
Jamal Kim,jamal.kim0_102@mail.co,2026-04-19
Farah Kim,farah.kim0_75@mail.co,2026-07-08
Priya Rossi,,2026-04-25
Kira Smith,kira.smith0_94@example.com,2026-08-17
Alice Smith, alice.smith0_bad3@example.com,2026-08-22
Jamal Diallo,jamal.diallo0_105@webhost.net,2026-02-25
Chen Garcia,chen.garcia0_24@corp.io,2026-04-18
Alice Rossi,alice.rossi0_8@example.com,2026-11-28
Farah Garcia,farah.garcia0_26@corp.io,2026-10-28
Ines Patel,ines.patel0_34@example.com,2026-07-04
Grace Nguyen,grace.nguyen0_98@webhost.net,2026-03-02
Kira Patel,kira.patel0_85@corp.io,2026-09-26
Jamal Patel,jamal.patel0_55@example.com,2026-11-16
Omar Kim,omar.kim0_51@webhost.net,2026-05-07
Priya Muller,priya.muller0_46@mail.co,2026-12-27
Hiro Patel,hiro.patel0_59@corp.io,2026-02-18
Hiro Patel,hiro.patel0_18@corp.io,2026-05-25
Emma Muller,emma.muller0_43@webhost.net,2026-03-16
Ines Nguyen,ines.nguyen0_103@webhost.net,2026-01-21
Jamal Patel,jamal.patel0_35@corp.io,2026-04-11
Grace Nguyen,grace.nguyen0_101@mail.co,2026-03-13
Farah Kim,farah.kim0_62@example.com,2026-01-15
Grace Silva,grace.silva0_83@corp.io,2026-04-25
Kira Rossi,kira.rossi0_16@corp.io,2026-05-25
Grace Muller,grace.muller0_49@corp.io,2026-07-25
Noor Andersen,noor.andersen0_68@webhost.net,2026-08-25
Farah Nguyen,farah.nguyen0_27@webhost.net,2026-05-23
Ines Andersen,ines.andersen0_31@webhost.net,2026-12-25
Liam Rossi,liam.rossi0_78@mail.co,2026-12-23
Noor Rossi,noor.rossi0_19@example.com,2026-09-19
Kira Muller,kira.muller0_112@corp.io,2026-01-19
Hiro Muller,hiro.muller0_54@mail.co,2026-08-10
Priya Garcia,priya.garcia0_96@webhost.net,2026-04-23
Priya Smith,priya.smith0_106@example.com,2026-01-25
Hiro Silva,hiro.silva0_76@corp.io,2026-06-09
Maya Rossi,maya.rossi0_40@webhost.net,2026-07-20
Chen Muller,chen.muller0_0@mail.co,2026-09-14
Jamal Nguyen,jamal.nguyen0_48@example.com,2026-07-22
Chen Garcia,chen.garcia0_90@mail.co,2026-01-21
Bob Andersen,bob.andersen0_107@example.com,2026-02-04
Farah Nguyen,farah.nguyen0_20@webhost.net,2026-07-20
Ines Garcia,ines.garcia0_53@example.com,2026-01-25
Jamal Silva,jamal.silva0_80@mail.co,2026-10-20
Hiro Smith,hiro.smith0_36@mail.co,2026-10-26
Emma Smith,emma.smith0_37@webhost.net,2026-08-05
Ines Andersen,ines.andersen0_113@corp.io,2026-11-02
Emma Diallo,emma.diallo0_38@webhost.net,2026-04-20
Omar Diallo,omar.diallo0_21@webhost.net,2026-09-01
Liam Rossi,liam.rossi0_66@example.com,2026-10-23
Omar Patel,omar.patel0_30@webhost.net,2026-03-26
Diego Muller,diego.muller0_92@mail.co,2026-07-24
Ines Kim,ines.kim0_9@example.com,2026-04-10
Kira Diallo,kira.diallo0_81@corp.io,2026-12-17
Jamal Smith,jamal.smith0_22@example.com,2026-04-07
Hiro Kim,hiro.kim0_44@corp.io,2026-09-03
Liam Muller,liam.muller0_93@mail.co,2026-06-18
Jamal Kim,jamal.kim0_100@mail.co,2026-03-19
Bob Diallo,bob.diallo0_33@example.com,2026-12-16
Emma Diallo,emma.diallo0_60@example.com,2026-08-05
Noor Patel,noor.patel0_5@example.com,2026-09-15
Kira Muller,kira.muller0_63@example.com,2026-06-16
Hiro Rossi,hiro.rossi0_39@example.com,2026-05-11
Jamal Smith,jamal.smith0_89@example.com,2026-07-15
Liam Nguyen,liam.nguyen0_61@webhost.net,2026-08-07
Emma Nguyen,emma.nguyen0_111@corp.io,2026-01-12
Priya Nguyen,priya.nguyen0_11@corp.io,2026-07-15
Alice Smith,alice.smith0_32@webhost.net,2026-12-20
Liam Garcia,liam.garcia0_73@webhost.net,2026-09-02
Hiro Garcia,hiro.garcia0_bad1example.com,2026-06-10
Farah Silva,farah.silva0_86@mail.co,2026-05-25
Kira Garcia,kira.garcia0_74@mail.co,2026-04-10
Grace Nguyen,grace.nguyen0_87@corp.io,2026-02-27
,hiro.diallo0_bad0@mail.co,2026-09-26
Noor Garcia,noor.garcia0_114@corp.io,2026-05-25
Liam Rossi,liam.rossi0_67@mail.co,2026-01-25
Emma Patel,emma.patel0_1@mail.co,2026-06-22
Diego Muller,@example.com,2026-07-18
Jamal Rossi,jamal.rossi0_108@mail.co,2026-02-15
Emma Smith,emma.smith0_71@corp.io,2026-07-12
Farah Muller,farah.muller0_110@webhost.net,2026-05-18
Farah Smith,farah.smith0_97@mail.co,2026-09-21
Grace Garcia,grace.garcia0_41@mail.co,2026-05-24
Diego Smith,diego.smith0_109@corp.io,2026-11-07
Diego Rossi,diego.rossi0_23@mail.co,2026-03-04
Alice Patel,alice.patel0_29@mail.co,2026-10-17
Diego Kim,diego.kim0_7@mail.co,2026-05-03
Noor Kim,noor.kim0_42@example.com,2026-05-27
Alice Smith,alice.smith0_13@mail.co,2026-08-21
Priya Patel,priya.patel0_2@corp.io,2026-04-26
Omar Garcia,omar.garcia0_3@example.com,2026-11-24
Noor Diallo,noor.diallo0_99@mail.co,2026-12-13
Grace Silva,grace.silva0_77@webhost.net,2026-02-23
Noor Rossi,noor.rossi0_56@mail.co,2026-03-21
Priya Rossi,priya.rossi0_104@webhost.net,2026-11-06
Noor Muller,noor.muller0_50@example.com,2026-12-21
Grace Silva,grace.silva0_72@mail.co,2026-11-21
Farah Andersen,farah.andersen0_65@mail.co,2026-02-23
Kira Rossi,kira.rossi0_79@mail.co,2026-10-17
Bob Patel,bob.patel0_57@mail.co,2026-07-15
Priya Garcia,priya.garcia0_84@webhost.net,2026-09-19
Priya Patel,priya.patel0_17@webhost.net,2026-02-28
Bob Silva,bob.silva0_70@mail.co,2026-06-17
Bob Garcia,bob.garcia0_64@webhost.net,2026-07-08
Hiro Patel,hiro.patel0_28@corp.io,2026-10-01
Priya Garcia,priya.garcia0_4@webhost.net,2026-12-23
Grace Garcia,grace.garcia0_88@example.com,2026-12-13
Liam Garcia,liam.garcia0_15@mail.co,2026-03-21
